,Date,Open,High,Low,Close,Volume,Dividends,Stock Splits,Symbol,Weekly %Change,5-day MA,10-day MA,Daily Return,SP500 Daily Return,Daily Outperformed SP500,Rolling 5-day Outperform,5-day Momentum,5-day Volume Change,5-day Volatility,Price-to-Volume,12-day EMA,26-day EMA,MACD,Signal Line,ROC,52-week High,52-week Low,% Distance from 52-week High,% Distance from 52-week Low,Day_of_Week,Close_5_Days_Later,5_Day_%Change,SP500_5_Day_%Change,Outperformed,Outperformed_Predicted_Next_Week,Predicted
185,2023-09-15,114.43000030517578,121.91999816894533,113.43000030517578,115.91000366210938,6882600,0.0,0.0,A,1.6843633953169013,114.01999969482422,115.89300079345703,0.0089659334376488,-0.0121596129386778,1,4.0,1.920005798339858,2.8454575930271537,1.327009287226919,1.684101991429247e-05,116.3178313210687,118.5699612966857,-2.252129975617009,-1.8880728330039367,-4.261993925597929,128.47000122070312,112.77999877929688,-9.776599547949322,2.77531913166422,4,,,,,0.0,0.44890759185536905
371,2023-09-15,152.77999877929688,154.6999969482422,151.92999267578125,152.1199951171875,8861500,0.0,0.0,ABBV,2.080251480236628,151.0459991455078,149.30700073242187,-0.0098932848118935,-0.0121596129386778,1,4.0,3.0999908447265625,1.0419143739342829,1.9412314996252225,1.7166393400348418e-05,149.86976965019272,148.63674696336147,1.233022686831248,0.8843322193008545,3.511151447731531,153.63999938964844,133.015380859375,-0.9893284811893512,14.36271063871182,4,,,,,0.0,0.47334688473527686
557,2023-09-15,102.8499984741211,102.88999938964844,101.4800033569336,101.73999786376952,8300900,0.0,0.0,ABT,1.0026749460704698,102.38600006103516,101.86199951171876,-0.0088651110431787,-0.0121596129386778,1,4.0,1.0099945068359233,1.3573396188907507,0.3820093919616426,1.22565020496295e-05,102.42782894821688,103.57163862632386,-1.143809678106976,-1.283492157236012,-1.1273116082682,114.62000274658205,100.66999816894533,-11.23713538141283,1.0628784288130282,4,,,,,0.0,0.4662553331438293
743,2023-09-15,79.0199966430664,79.37000274658203,78.5999984741211,79.0,1964000,0.0,0.0,ACGL,2.252132818610897,78.79800109863281,77.84300155639649,-0.0007588864210282,-0.0121596129386778,1,4.0,1.7399978637695312,0.4765807082174271,0.2865645787940326,4.0224032586558045e-05,77.82306215511967,77.19624743154097,0.626814723578704,0.2820344294564307,2.784282295933549,82.2699966430664,73.62000274658203,-3.974713475744376,7.307792790958224,4,,,,,0.0,0.48299157738127513
929,2023-09-15,80.81999969482422,81.6500015258789,80.61000061035156,80.7699966430664,1574800,0.0,0.0,AEE,2.527458894582235,79.85799865722656,78.76884689331055,-0.0033317407380384,-0.0121596129386778,1,4.0,1.9911041259765625,0.1300229621125144,1.1203661863612056,5.128905044644806e-05,79.43674918266734,79.74692918522584,-0.3101800025584964,-0.7392568213679591,2.708541798003039,87.58831787109375,76.66581726074219,-7.784509845322139,5.353336765935477,4,,,,,0.0,0.48634832217883933
1115,2023-09-15,80.68000030517578,81.01000213623047,79.9800033569336,80.04000091552734,4598000,0.0,0.0,AEP,2.958583888551569,79.11800079345703,78.05699920654297,-0.0069478606599918,-0.0121596129386778,1,4.0,2.3000030517578125,1.1245725903336106,1.2760555130667746,1.7407568707161233e-05,78.79235155292453,79.30755794353117,-0.515206390606636,-0.9649059088124844,2.091835915471374,87.0269775390625,76.0,-8.028518076936564,5.3157906783254525,4,,,,,0.0,0.4755836483972809
1301,2023-09-15,76.80000305175781,77.08999633789062,76.1500015258789,76.51000213623047,5212800,0.0,0.0,AFL,2.245089220990204,76.41399841308593,75.47499923706054,-0.0103478909277802,-0.0121596129386778,1,5.0,1.6800003051757812,1.5610690773312372,0.6148827258995063,1.4677333129264591e-05,75.64892754539017,74.90777612082078,0.7411514245693809,0.5838201881640295,2.601585690419284,77.51025390625,69.17752838134766,-1.2904767041911038,10.599502362185968,4,,,,,0.0,0.4736916066133401
1487,2023-09-15,60.75,61.22999954223633,60.65999984741211,61.18000030517578,7126700,0.0,0.0,AIG,3.1600959175849708,60.44323577880859,59.67972030639648,-0.0003268048613453,-0.0121596129386778,1,4.0,1.8741226196288991,2.458555760458119,0.7777875472889297,8.584618449657735e-06,59.72000919161392,59.18160937058764,0.5383998210262817,0.1949609211978362,5.169705979366035,61.54252243041992,56.99964904785156,-0.5890595817778005,7.333994730063667,4,,,,,0.0,0.46390188621384193
1673,2023-09-15,263.760009765625,263.92999267578125,259.82000732421875,260.7200012207031,6161100,0.0,0.0,AMGN,0.4972472656752602,260.4559997558593,257.58299713134767,-0.0060235861448559,-0.0121596129386778,1,4.0,1.290008544921875,1.515761535320539,1.9682484942510723,4.2317118894467407e-05,258.4869180771578,255.23995180084097,3.246966276316812,3.674479681982661,1.7086701043090624,263.8720397949219,216.8926696777344,-1.1945329928356472,20.20692151933428,4,,,,,0.0,0.46782668159708213
1859,2023-09-15,306.3999938964844,307.7099914550781,301.1499938964844,302.1099853515625,1354100,0.0,0.0,APD,1.2059815309925614,303.25599975585936,299.0970001220703,-0.0130350234315376,-0.0121596129386778,0,4.0,3.5999755859375,0.7214594457157386,1.6485573616408218,0.0002231075883255,298.8639544388208,295.47970756438195,3.384246874438816,2.042476305188642,2.2403449646252627,306.1000061035156,281.82000732421875,-1.303502343153759,7.199622986313112,4,,,,,0.0,0.508195151496475
2045,2023-09-15,116.05999755859376,116.4800033569336,114.66000366210938,115.01000213623048,2480100,0.0,0.0,ATO,0.7269240049363246,114.88800048828124,114.26100006103516,-0.01160191188587,-0.0121596129386778,1,4.0,0.8300018310547017,3.4534027653079544,1.0312478921038732,4.637313097706967e-05,115.02010437607296,115.6922697104242,-0.6721653343512486,-0.8102899002576953,-0.8106898117740458,123.62097930908205,112.22000122070312,-6.965627696025655,2.486188634092297,4,,,,,0.0,0.5109159861717835
2231,2023-09-15,162.02999877929688,164.3300018310547,161.82000732421875,163.75,7269500,0.0,0.0,AXP,4.01448746633335,160.2,159.28299865722656,0.0121770381726273,-0.0121596129386778,1,4.0,6.32000732421875,2.764044943820225,2.4864326231212748,2.2525620744205243e-05,159.9677174966344,160.92696258291895,-0.9592450862845396,-1.7500044796113363,3.645796763444742,178.0399932861328,156.77999877929688,-8.026282759496056,4.445720930585648,4,,,,,0.0,0.45201474544935993
2417,2023-09-15,370.9299926757813,384.3699951171875,370.9299926757813,376.2300109863281,530400,0.0,0.0,BIO,5.118607229965555,368.55,371.5360015869141,0.0079029474300214,-0.0121596129386778,1,5.0,18.32000732421875,1.3141361256544504,6.305194189479246,0.0007093325998988,374.2836716412872,380.7376821290184,-6.454010487731125,-5.862717285901283,-5.989505369705739,422.6300048828125,357.9100036621094,-10.978868835720796,5.118607229965566,4,,,,,0.0,0.4679061370098497
2603,2023-09-15,3200.75,3217.3798828125,3144.27001953125,3160.14990234375,857600,0.0,0.0,BKNG,0.5424518519220545,3165.891943359375,3147.674951171875,-0.011699594554747,-0.0121596129386778,1,4.0,17.0498046875,4.21654501216545,31.224057163925444,0.0036848762853821,3143.528489533906,3108.350376806174,35.178112727731786,37.06368549424976,1.7751800313299038,3243.010009765625,2632.68994140625,-2.5550370542292398,20.035020176198856,4,,,,,0.0,0.5659238647224427
2789,2023-09-15,42.75,43.2400016784668,42.65999984741211,42.709999084472656,22975500,0.0,0.0,C,5.222958669414046,42.09799957275391,41.612999725341794,-0.0099675547348051,-0.0121596129386778,1,4.0,2.1199989318847656,0.5260637379279196,0.997882296545567,1.858936653586327e-06,41.9081261075593,42.38212966338988,-0.4740035558305848,-0.8289886201435912,3.4390848570102994,47.330848693847656,40.59000015258789,-9.762870806023908,5.222958669414051,4,,,,,0.0,0.46266891806686394
2975,2023-09-15,211.3500061035156,212.44000244140625,210.44000244140625,212.1999969482422,3842000,0.0,0.0,CB,4.105690481767521,209.22618103027344,205.59558563232423,0.0010378395373964,-0.0121596129386778,1,5.0,8.368682861328097,1.1595188578494744,2.89517725147914,5.523164938788188e-05,206.1520990446033,203.31746413969864,2.834634904904646,1.7297299398729344,6.07513711386003,212.1999969482422,187.3192443847656,0.0,13.282539466350798,4,,,,,0.0,0.4855097173587611
3161,2023-09-15,128.8300018310547,130.52000427246094,127.83999633789062,128.24000549316406,1212800,0.0,0.0,CE,2.962667483735704,126.65400085449218,126.5379997253418,-0.0049658547905113,-0.0121596129386778,1,4.0,3.690002441406264,-0.0128601660426501,1.9054247514099136,0.000105738790809,125.74932501368768,124.09293106986414,1.656393943823545,1.3163765629160649,1.4878164559446017,128.89999389648438,111.53620147705078,-0.5120158530421103,14.976127745887228,4,,,,,0.0,0.4919094547083489
3347,2023-09-15,27.84000015258789,28.239999771118164,27.670000076293945,27.959999084472656,9554000,0.0,0.0,CFG,2.155638389289072,27.932000350952148,27.866000175476078,-0.0109657364086063,-0.0121596129386778,1,4.0,0.5899982452392578,1.425119301451924,0.4019576918528317,2.926522826509593e-06,27.89296181996592,28.163304160687748,-0.2703423407218288,-0.3585894284547179,-0.6043372960033655,32.01765441894531,25.730588912963867,-12.67318111870082,8.664435077836648,4,,,,,0.0,0.4709336715122074
3533,2023-09-15,89.88999938964844,91.26000213623048,89.7300033569336,90.54000091552734,2382500,0.0,0.0,CHRW,4.888787344326362,88.26600189208985,87.82200088500977,0.0072310772087262,-0.0121596129386778,1,4.0,4.220001220703125,1.1377299237326155,1.817257422042104,3.800209902015838e-05,89.12750245478013,90.87057772208637,-1.7430752673062244,-1.9077245770078897,0.1216417228578459,99.7528076171875,86.19000244140625,-9.235636491571572,5.046987296558337,4,,,,,0.0,0.4774551066276132
3719,2023-09-15,449.6600036621094,452.4200134277344,445.30999755859375,447.9500122070313,2066300,0.0,0.0,CHTR,6.043747447506886,441.83399658203126,429.9860015869141,-0.0031599415305552,-0.0121596129386778,1,5.0,25.52999877929693,2.123186215235792,6.390219526419575,0.0002167884683768,434.3231934748548,426.1061448791727,8.217048595682058,6.977458184228273,2.2436814569977592,451.1000061035156,367.6499938964844,-0.6982916989279484,21.841430611625743,4,,,,,0.0,0.4936236716774083
3905,2023-09-15,107.66999816894533,107.81999969482422,106.6500015258789,107.19000244140624,1120300,0.75,0.0,CINF,2.7966894006119736,106.44001007080078,105.4383331298828,-0.004642956529526,-0.0121596129386778,1,4.0,2.9162139892577983,0.975489331687533,1.0338834311868157,9.567973082335644e-05,105.64395343616026,104.9760630815148,0.6678903546454649,0.4087891277056975,2.029040235784429,108.96114349365234,96.3191909790039,-1.6254795016438937,11.28623626497444,4,,,,,0.0,0.485247319783722
4091,2023-09-15,73.29000091552734,73.79000091552734,72.91999816894531,73.16999816894531,5586000,0.0,0.0,CL,-0.0409819406387179,73.18599853515624,73.10599822998047,-0.0039477391660986,-0.0121596129386778,1,4.0,-0.029998779296875,0.4682612695492181,0.5543730832076674,1.3098818146964789e-05,73.30082988790458,73.87632350025899,-0.575493612354407,-0.6604461581318958,-0.4083340775463018,77.95999908447266,72.31999969482422,-6.144177747279337,1.1753297534678036,4,,,,,0.0,0.46425498659709863
4277,2023-09-15,67.55999755859375,68.43000030517578,67.54000091552734,67.80999755859375,5343100,0.0,0.0,CNC,3.669154199840907,67.43999786376953,65.55199966430663,0.0029580971222704,-0.0121596129386778,1,4.0,2.399993896484375,0.5182711979995454,0.7403712521878941,1.2691133903275952e-05,65.98100292318557,65.46734521555452,0.5136577076310544,-0.1442031989974085,9.991883017438452,70.86000061035156,61.27000045776367,-4.304266194590258,10.674060799686805,4,,,,,0.0,0.4677922345348378
4463,2023-09-15,28.920000076293945,29.270000457763672,28.850000381469727,29.07999992370605,8456500,0.0,0.0,CNP,2.7925025896521127,28.66199951171875,28.188999938964844,0.0034506688422812,-0.0121596129386778,1,4.0,0.7899990081787074,1.0978665343587195,0.3644449890859893,3.4387748978544376e-06,28.396721609987463,28.410650317457883,-0.0139287074704164,-0.2015064811098002,4.266764288633462,30.99015998840332,27.32999992370605,-6.163763160345287,6.403219922741564,4,,,,,0.0,0.46859731396232873
4649,2023-09-15,565.3300170898438,565.510009765625,555.5399780273438,556.3599853515625,2944900,0.0,0.0,COST,0.9379674680702887,559.6920043945313,553.3940002441407,-0.0148910775870639,-0.0121596129386778,0,4.0,5.16998291015625,1.7386775783502275,3.103971790633444,0.0001889232182252,553.7416747497767,550.5959951362223,3.145679613554421,1.253281273356049,1.2889520239340202,565.1022338867188,524.059814453125,-1.547020700135603,6.163451195383846,4,,,,,0.0,0.4958035998518194
4835,2023-09-15,43.52999877929688,43.75,43.0,43.040000915527344,8593600,0.0,0.0,CPB,2.0388824185144205,42.91000137329102,42.17600059509277,-0.0103472233978382,-0.0121596129386778,1,5.0,0.8600006103515625,1.4965429086049618,0.3655133543486468,5.00837843459404e-06,42.50007071911988,42.784553753176006,-0.2844830340561302,-0.6001261965029877,3.2134295637203047,46.54999923706055,40.88999938964844,-7.540275787456374,5.258013103378017,4,,,,,0.0,0.4669994031219935
5021,2023-09-15,31.049999237060547,31.200000762939453,30.68000030517578,30.850000381469727,25501200,0.0,0.0,CSX,3.0050069970079862,30.632000350952147,30.288000106811523,-0.0061211510455392,-0.0121596129386778,1,4.0,0.8999996185302734,-0.2198318587319652,0.3307115906248887,1.2097470072572947e-06,30.49034902677265,30.726694548833063,-0.236345522060418,-0.3963141645954808,2.1523165632761687,33.748836517333984,29.489999771118164,-8.589440214851157,4.611734896259702,4,,,,,0.0,0.4669677213415085
5207,2023-09-15,49.56999969482422,50.31999969482422,49.09999847412109,49.15999984741211,3822100,0.0,0.0,CTLT,1.40264090675859,48.99199981689453,49.23699989318848,-0.0102677338500902,-0.0121596129386778,1,4.0,0.6800003051757812,2.5680545182972367,0.5027614521309428,1.2862039153191206e-05,48.68137247786565,47.78515163231322,0.8962208455524276,0.8413739561059441,-1.620975292182747,50.20000076293945,44.20000076293945,-2.0717149396840897,11.221717191985856,4,,,,,0.0,0.472572578186023
5393,2023-09-15,52.5099983215332,53.25,52.41999816894531,52.54999923706055,11690000,0.0,0.0,CTVA,5.990313223719146,51.71800079345703,51.03000068664551,-0.0011404936817128,-0.0121596129386778,1,4.0,2.96999740600586,2.899786495863357,1.1412794688372931,4.495295058773358e-06,51.27625332722417,51.52241402453159,-0.2461606973074168,-0.6964921036182583,4.038806143966278,57.12114715576172,48.92680740356445,-8.002549224433928,7.405330586177046,4,,,,,0.0,0.459614865156659
5579,2023-09-15,48.34000015258789,48.95000076293945,48.2400016784668,48.470001220703125,7657500,0.0,0.0,D,2.8650303892618467,47.91999969482422,47.33699989318848,-0.0008245125172953,-0.0121596129386778,1,4.0,1.3500022888183594,0.1709073671977736,0.5446100719447586,6.329742242337986e-06,47.751077733405,48.143047986358894,-0.3919702529538966,-0.6417246549274415,-0.1442103286030782,53.7151985168457,45.95000076293945,-9.764829025992752,5.484222885576435,4,,,,,0.0,0.4711304171793336
5765,2023-09-15,85.22000122070312,86.19000244140625,84.61000061035156,85.58000183105469,21598500,0.0,0.0,DIS,4.903162429787211,83.94800109863282,82.57000122070312,0.013020814753919,-0.0121596129386778,1,4.0,4.0,0.3315229117989753,1.1485312174724436,3.962312282383253e-06,83.57207856310463,84.31250500795907,-0.7404264448544495,-1.1677804792563462,2.270556308496308,91.76000213623048,80.56999969482422,-6.734960943005129,6.218198033023338,4,,,,,0.0,0.4630388130213959
5951,2023-09-15,128.24000549316406,129.7100067138672,127.4499969482422,128.75,5874600,0.0,0.0,DLR,0.0053216006853373,128.75330505371093,129.21078491210938,0.0021015277197979,-0.0121596129386778,1,4.0,0.0068511962890625,3.018194254445964,1.1489619174937564,2.191638579647976e-05,128.31381076039486,125.9916109478213,2.322199812573558,2.74528985405982,-1.315737920921456,130.85289001464844,112.71712493896484,-1.6070642493360503,14.223992201466096,4,,,,,0.0,0.4781744150387181
6137,2023-09-15,144.4199981689453,145.25,143.0,144.4499969482422,1357800,0.0,0.0,DOV,1.6466091955812612,142.17999877929688,143.10699920654298,0.0020116070946594,-0.0121596129386778,1,4.0,2.339996337890625,0.6802375943571339,1.9742982700343696,0.0001063853269614,143.06853863785972,143.1987382240452,-0.1301995861854834,-0.1512377589510497,-2.5960930709974077,151.59075927734375,138.5263671875,-4.710552518598537,4.27617491240809,4,,,,,0.0,0.49794589584663934
6323,2023-09-15,397.8399963378906,398.8800048828125,387.05999755859375,388.4800109863281,1433900,0.0,0.0,DPZ,0.5935628151028105,393.776708984375,390.5146026611328,-0.0265366881587946,-0.0121596129386778,0,4.0,2.292266845703125,2.400284562485179,3.8787147161189535,0.0002709254557405,390.4968495776619,387.7294052754186,2.767444302243291,2.4813075668758238,0.5857732320446729,401.351318359375,332.8908996582031,-3.206992673067974,16.698897862693546,4,,,,,0.0,0.5033149707558245
6509,2023-09-15,95.33999633789062,96.08000183105467,94.93000030517578,95.18000030517578,9695900,0.0,0.0,DUK,4.570428274594174,93.68199920654295,91.08999938964844,-0.0028286710497521,-0.0121596129386778,1,5.0,4.160003662109375,1.935749538256578,1.693108465139305,9.816520416379684e-06,92.00306681577484,91.1718605229433,0.8312062928315385,0.0723734852123201,7.184681344773525,95.4499969482422,86.6500015258789,-0.2828671049752115,9.844199225719926,4,,,,,0.0,0.4697226293052999
6695,2023-09-15,97.04000091552734,100.2699966430664,97.04000091552734,98.33000183105467,1491500,0.0,0.0,DVA,2.90947011042062,98.2540008544922,98.06900024414062,-0.0006097932611642,-0.0121596129386778,1,4.0,2.779998779296875,1.1096181046676097,1.8349719195407628,6.592692043651e-05,98.9323314696188,100.3622303156992,-1.4298988460804054,-1.3514262139870905,-3.993357167556344,112.68000030517578,95.33999633789062,-12.73517788006428,3.136150207691734,4,,,,,0.0,0.4795533872246996
6881,2023-09-15,44.459999084472656,44.79999923706055,44.27000045776367,44.560001373291016,7598200,0.0,0.0,EBAY,2.6018905368982104,43.92999954223633,43.970999526977536,0.0045085834127058,-0.0121596129386778,1,4.0,1.1300010681152344,0.8053984697999335,0.4957331635862309,5.864547047102079e-06,43.94573189902268,43.95744324411704,-0.0117113450943691,-0.1145404089845359,-0.4912849754421522,48.75608825683594,42.69017028808594,-8.606282894232397,4.380003810214162,4,,,,,0.0,0.4669524221246067
7067,2023-09-15,92.1500015258789,93.08000183105467,91.4000015258789,91.48999786376952,3724800,0.0,0.0,ED,2.509801528033062,91.05199890136718,89.46800003051757,-0.0096341136188495,-0.0121596129386778,1,4.0,2.239997863769517,1.6749012567324957,1.071851950032655,2.4562392038168364e-05,90.13796631655752,90.00320183039764,0.1347644861598667,-0.3593443030452805,2.843973477219208,96.82628631591795,86.51000213623047,-5.511198100418283,5.756554854428123,4,,,,,0.0,0.47069850591521584
7253,2023-09-15,377.9599914550781,381.8999938964844,377.9599914550781,379.2099914550781,396800,0.0,0.0,EG,2.295651191749659,377.7360046386719,371.9370025634765,-0.0025252438086854,-0.0121596129386778,1,4.0,8.509979248046818,0.5475819032761311,2.0516284988066915,0.0009556703413686,371.1076130841267,364.98210452608834,6.125508558038348,4.147682112713273,5.137517787395995,380.1700134277344,339.6300048828125,-0.2525243808685448,11.653854489659263,4,,,,,0.0,0.4941274165303628
7439,2023-09-15,71.20999908447266,72.12000274658203,71.16000366210938,71.55999755859375,2875100,0.0,0.0,EIX,2.52148199124127,70.7959991455078,69.58300094604492,0.0005592969435803,-0.0121596129386778,1,4.0,1.7599945068359375,1.594387294712146,0.7457388341102863,2.488956820931229e-05,70.10471653333279,69.84697472164554,0.2577418116872536,-0.0759271601802015,3.936091713191936,72.95999908447266,67.2300033569336,-1.9188617645923935,6.440568177085466,4,,,,,0.0,0.4776857951468716
7625,2023-09-15,98.1999969482422,99.69000244140624,97.9000015258789,98.86000061035156,7276400,0.0,0.0,EMR,-0.0909513296273423,99.03600006103515,98.89999923706054,0.0026369385421309,-0.0121596129386778,1,4.0,-0.0899963378906392,2.72728204077451,1.0020382983401857,1.3586388957499804e-05,98.5470560295215,97.31358801599356,1.2334680135279257,1.433627654780024,0.6208657611720847,100.12000274658205,87.7622299194336,-1.2584919113713244,12.645269726060754,4,,,,,0.0,0.4566525246978421
7811,2023-09-15,64.23999786376953,64.83999633789062,64.05000305175781,64.20999908447266,4358600,0.0,0.0,ES,3.431052175569471,63.35,62.55900001525879,-0.0035692636284849,-0.0121596129386778,1,4.0,2.1299972534179688,0.8304985090924362,0.9784431142058888,1.4731794402898328e-05,63.345774734807634,64.42256755708094,-1.0767928222733048,-1.4707243363150238,0.6110927475922123,74.30999755859375,60.97999954223633,-13.591708795518668,5.296817918142401,4,,,,,0.0,0.47317155065636257
7997,2023-09-15,98.73999786376952,99.4499969482422,98.20999908447266,98.4000015258789,1745200,0.0,0.0,ETR,3.285404632204636,97.06199951171874,95.57899856567384,-0.0035442883455301,-0.0121596129386778,1,4.0,3.1300048828125,0.3122791187307316,1.531982635640527,5.638322342761799e-05,96.31945494304664,96.26724516374726,0.0522097792993747,-0.5001827961532078,3.307088216145826,103.3065185546875,92.66999816894533,-4.749474764471154,6.1832345636689166,4,,,,,0.0,0.48193507021835535
8183,2023-09-15,54.4900016784668,54.88999938964844,54.02000045776367,54.13999938964844,3197600,0.0,0.0,EVRG,0.3707837746225406,53.60399932861328,53.52099952697754,-0.0055106400556255,-0.0121596129386778,1,4.0,0.2000007629394602,1.3821798405721522,0.7334372781216953,1.6931448395561808e-05,54.16994464579186,55.16313422289196,-0.9931895771001038,-1.0471794789739306,-1.50991779629448,60.8956298828125,52.709999084472656,-11.093785393409334,2.712958319130443,4,,,,,0.0,0.47007823601193577
8369,2023-09-15,41.880001068115234,42.15999984741211,41.59000015258789,41.650001525878906,10296200,0.0,0.0,EXC,2.636766009225222,41.15200119018554,40.62700080871582,-0.0045410761476116,-0.0121596129386778,1,4.0,1.0699996948242188,1.264991860618593,0.5914976673744748,4.045181865725113e-06,40.79912793910803,40.564255804294426,0.2348721348136067,0.030650306872516,3.8135658891510937,42.81609725952149,39.5099983215332,-2.7234984229751755,5.416358631378093,4,,,,,0.0,0.4720870901083769
8555,2023-09-15,118.83000183105467,118.9000015258789,117.88999938964844,118.44000244140624,2527700,0.0,0.0,EXPD,3.233678180005417,117.54400024414062,116.54700012207032,0.0008450744178669,-0.0121596129386778,1,4.0,3.709999084472642,1.2674022246142806,1.1124194493320547,4.685682732974888e-05,116.90829374702176,117.1769496990628,-0.2686559520410156,-0.8171872837078495,1.4823094597759656,127.3000030517578,113.93000030517578,-6.959937468932544,3.9585729168347656,4,,,,,0.0,0.4796004272966507
8741,2023-09-15,40.66999816894531,40.97999954223633,40.22999954223633,40.369998931884766,11062800,0.0,0.0,FCX,2.748785928204467,40.19200057983399,40.27100028991699,-0.0076204860119328,-0.0121596129386778,1,4.0,1.079998016357422,0.7457471989900584,0.3529440244676943,3.6491664797234663e-06,40.12110174074871,40.219637083220114,-0.0985353424714077,-0.2058211454428112,1.1525910454306398,44.650001525878906,37.77035140991211,-9.585671775427542,6.882772928849236,4,,,,,0.0,0.4728979546426037
8927,2023-09-15,36.869998931884766,37.09000015258789,36.7400016784668,36.90999984741211,9503200,0.0,0.0,FE,3.621563599690658,36.28199996948242,35.82299957275391,0.0005421647626615,-0.0121596129386778,1,4.0,1.2900009155273438,2.334105181910676,0.6003077154103208,3.88395486230029e-06,36.13624542393583,36.32638801040159,-0.1901425864657611,-0.3986828487465251,2.3288055439280253,39.66936111450195,34.959999084472656,-6.955900447010483,5.577805532053169,4,,,,,0.0,0.4643006334259538
9113,2023-09-15,29.600000381469727,29.979999542236328,29.25,29.299999237060547,2492900,0.0,0.0,FOX,1.384081743287613,29.313999938964844,29.071999740600585,-0.0074526157619101,-0.0121596129386778,1,4.0,0.3999996185302699,3.3966490299823637,0.2523488374467741,1.1753379292013535e-05,29.441038261474205,29.913088380285544,-0.4720501188113388,-0.4745339391456202,-3.997382707747577,32.589149475097656,28.459999084472656,-10.092777169746167,2.951511523576197,4,,,,,0.0,0.5185756143196244
9299,2023-09-15,32.04999923706055,32.54499816894531,31.82999992370605,31.8799991607666,7902500,0.0,0.0,FOXA,1.6581586106328094,31.817999267578124,31.509999656677245,-0.0046830978534794,-0.0121596129386778,1,4.0,0.5199985504150426,1.7152625068719076,0.2961753636591014,4.034166296838545e-06,31.88700226578422,32.26415716712157,-0.3771549013373487,-0.3902405325147748,-3.569274541766143,34.652862548828125,30.86000061035156,-8.001830683264274,3.305244751268405,4,,,,,0.0,0.4646996755339656
9485,2023-09-15,115.41999816894533,115.91000366210938,114.1999969482422,115.48999786376952,6731300,0.0,0.0,GE,3.3745046561705294,114.8,113.73099975585936,-0.001383516299164,-0.0121596129386778,1,4.0,3.769996643066392,1.65985695657328,0.8617135546473408,1.7157161003635183e-05,114.03466285034628,113.4163166250558,0.6183462252904661,0.4551937280519476,0.8998766272370062,117.16000366210938,107.29066467285156,-1.4254060653294032,7.64216832463401,4,,,,,0.0,0.459893363184073
9671,2023-09-15,77.20999908447266,77.41000366210938,75.41999816894531,75.66999816894531,11145100,0.0,0.0,GILD,0.5411545698589482,76.38751373291015,75.42800216674804,-0.0218459465883213,-0.0121596129386778,0,4.0,0.40728759765625,0.6646403393475924,0.6344113106224339,6.789530660913344e-06,75.9212132119687,76.11616964693378,-0.1949564349650785,-0.3410785451863476,-0.0898546993101101,79.88740539550781,73.22269439697266,-5.2791891358630245,3.3422749492182557,4,,,,,0.0,0.47321831439989964
9857,2023-09-15,106.13999938964844,106.86000061035156,105.8000030517578,106.12000274658205,1226500,0.0,0.0,GRMN,3.972515609861982,105.6364288330078,104.47363510131837,-0.0042225480860541,-0.0121596129386778,1,4.0,4.054565429687528,0.9227151591158488,0.7570126704009457,8.652262759607179e-05,104.69316190005158,104.19278293316468,0.500378966886899,0.1350156264564854,0.7852845855049084,106.9914321899414,100.8538055419922,-0.8144852587937285,5.221614768316474,4,,,,,0.0,0.4839733884268164
10043,2023-09-15,345.1499938964844,346.19000244140625,341.8599853515625,342.5400085449219,3058800,0.0,0.0,GS,5.228563561586741,335.5280029296875,329.73999938964846,-0.005891397208541,-0.0121596129386778,1,4.0,17.02001953125,0.5094749309119622,8.23067296043693,0.0001119850949865,331.81232851201247,330.54746347238495,1.264865039627523,-1.374335946299371,4.525347861380857,355.9618530273437,310.41168212890625,-3.7705850692351577,10.35023108527002,4,,,,,0.0,0.47347408293684407
10229,2023-09-15,194.5200042724609,194.9199981689453,192.38999938964844,193.0399932861328,6014000,0.0,0.0,HON,4.617379588335235,190.7220001220703,188.08499908447263,-0.0026865275832806,-0.0121596129386778,1,5.0,8.519989013671903,2.3983160987738037,3.034178133002027,3.209843586400612e-05,189.1617576864602,189.4130553965631,-0.2512977101029037,-1.480064862475589,2.713627103584071,208.5387420654297,184.1199951171875,-7.432071674448911,4.84466565582297,4,,,,,0.0,0.4604943019579096
10415,2023-09-15,38.400001525878906,38.61000061035156,38.22999954223633,38.2400016784668,4138200,0.0,0.0,HRL,3.017248865327926,37.79200057983398,37.63600044250488,-0.0044258830934821,-0.0121596129386778,1,4.0,1.1200027465820312,0.5711302631079389,0.4953483524107851,9.240733091311874e-06,38.05393366233418,38.63209884872301,-0.5781651863888229,-0.6077455767485109,-0.906966760137784,41.59999847412109,36.97999954223633,-8.076915670428468,3.40725297952308,4,,,,,0.0,0.4643864987074359
10601,2023-09-15,211.82000732421875,213.8600006103516,211.2400054931641,212.3600006103516,2600800,0.0,0.0,HSY,1.5930736499552234,210.6959991455078,210.784001159668,0.0026913798682106,-0.0121596129386778,1,4.0,3.330001831054716,1.6428208515394775,2.0226661609035865,8.16517996810026e-05,212.07358954457305,216.351837749069,-4.278248204495952,-4.955020791237709,-1.163548353764432,247.45877075195312,207.58999633789065,-14.183684027422782,2.2978006438696035,4,,,,,0.0,0.46970500427866213
10787,2023-09-15,59.810001373291016,60.369998931884766,59.7599983215332,59.959999084472656,5709300,0.0,0.0,K,0.9087864896797804,59.64799880981445,59.56899909973144,0.0008345724785159,-0.0121596129386778,1,4.0,0.5400009155273438,1.4695272286863617,0.4298492598580279,1.050216297698013e-05,59.91092962373543,60.90252623845492,-0.9915966147194908,-1.1556569195096935,-1.7371376029810426,67.73495483398438,58.91999816894531,-11.478498462969112,1.7651068361293536,4,,,,,0.0,0.46550607213856293
10973,2023-09-15,33.599998474121094,33.79999923706055,33.404998779296875,33.45000076293945,12095100,0.0,0.0,KHC,1.4866556191672764,33.52000045776367,33.094000244140624,-0.0094758569880519,-0.0121596129386778,1,4.0,0.4900016784667969,0.5028889523975197,0.2179457348174739,2.765582819731912e-06,33.29021331167374,33.51157165357432,-0.2213583419005829,-0.3785573966589728,1.0879438159307808,36.11578369140625,32.54999923706055,-7.381213021001452,2.764981711133772,4,,,,,0.0,0.4731841745059227
11159,2023-09-15,64.0999984741211,64.81999969482422,63.959999084472656,64.25,2690100,0.0,0.0,L,2.915264593829159,63.900000762939456,62.97300033569336,-0.004493351586823,-0.0121596129386778,1,4.0,1.8199996948242188,2.197171381031614,0.6269773974307996,2.3883870488085942e-05,63.17398915911416,62.619988940226456,0.5540002188877011,0.327249777541109,3.4788208118921693,64.54000091552734,59.3805046081543,-0.4493351586823016,8.200495135531419,4,,,,,0.0,0.48051019333881134
11345,2023-09-15,51.93000030517578,52.38999938964844,51.77000045776367,51.77999877929688,2941500,0.0,0.0,LNT,2.0496591770343686,51.38400039672852,50.67100028991699,-0.0059512645878847,-0.0121596129386778,1,4.0,1.0399971008300852,0.7059096444934176,0.6069013152004569,1.760326322600608e-05,50.99667625012064,51.051446916812125,-0.054770666691482,-0.3414863148358132,3.209090430758965,55.27695083618164,49.22999954223633,-6.326239063453952,5.179766932300722,4,,,,,0.0,0.4798543412581296
11531,2023-09-15,100.79000091552734,100.93000030517578,99.58999633789062,100.04000091552734,3618000,0.0,0.0,LYB,0.6641212319883572,100.01399993896484,99.76499938964844,-0.0064554723420245,-0.0121596129386778,1,4.0,0.6600036621093892,0.664749459347536,0.6994876449243455,2.7650635963385115e-05,99.36649065749415,98.09122946380243,1.2752611936917333,1.3059924026410497,1.285819900399976,100.97000122070312,88.07357025146484,-0.9210659541767856,13.586857703050224,4,,,,,0.0,0.4698414791154879
11717,2023-09-15,72.30000305175781,72.69999694824219,71.83999633789062,71.94000244140625,9339800,0.0,0.0,MDLZ,3.036383208032567,71.60800018310547,70.68000030517578,-0.0060789559092023,-0.0121596129386778,1,5.0,2.1200027465820312,0.365767346640345,0.5395086112689075,7.702520657980497e-06,71.20483596663517,71.48268629769355,-0.2778503310583744,-0.540455649841918,0.9542524344523516,75.3499984741211,69.55999755859375,-4.525542271757317,3.4215137526531785,4,,,,,0.0,0.4674119411991722
11903,2023-09-15,82.0,82.38999938964844,81.56999969482422,81.7699966430664,9067900,0.0,0.0,MDT,2.2636287885416277,81.48600006103516,81.0359992980957,-0.0023182338156253,-0.0121596129386778,1,4.0,1.80999755859375,1.1546119849831298,0.3861067426876057,9.017522981403237e-06,81.41437573381985,82.1526108857475,-0.738235151927654,-0.9745371381317812,0.3312842246213643,90.4000015258789,79.93000030517578,-9.546465417195794,2.3020096720448504,4,,,,,0.0,0.46976515982510364
12089,2023-09-15,112.98999786376952,115.25,111.9000015258789,114.58999633789062,6266000,0.0,0.0,MRNA,6.456704745123365,109.40599822998048,109.31799850463868,0.0157787325398381,-0.0121596129386778,1,4.0,6.949996948242188,1.900925925925926,4.167903165148914,1.8287583201067767e-05,110.2364984992292,110.56466579481116,-0.3281672955819488,-0.805096024964697,1.3442970258856324,126.61000061035156,96.41000366210938,-9.49372420386687,18.85695673189386,4,,,,,0.0,0.4642218163057876
12275,2023-09-15,88.19000244140625,88.7300033569336,87.94000244140625,88.41000366210938,17598400,0.0,0.0,MS,4.109756910522799,86.75800170898438,85.73000030517578,-0.0074098578081974,-0.0121596129386778,1,4.0,3.4900054931640625,1.871989033226712,2.254177756883264,5.023752367380522e-06,86.16008591949766,86.04027418951401,0.1198117299836525,-0.4716486624834076,3.8285403145174257,93.80240631103516,82.56632995605469,-5.748682641514928,7.077550508984642,4,,,,,0.0,0.46486546021521974
12461,2023-09-15,127.51000213623048,129.36000061035156,127.22000122070312,129.3000030517578,2322300,0.0,0.0,MTB,6.175073368238016,128.03600158691407,125.26500091552734,0.0027920009580824,-0.0121596129386778,1,4.0,7.5200042724609375,1.7728955223880596,1.724364168581484,5.567756235273557e-05,126.43034546266132,127.12313544754922,-0.6927899848879093,-1.5159942538961768,3.3986404608410625,140.0945281982422,119.33000183105467,-7.705172561207724,8.354982877498394,4,,,,,0.0,0.4739926699280064
12647,2023-09-15,17.280000686645508,17.450000762939453,17.040000915527344,17.229999542236328,11427300,0.0,0.0,NCLH,5.705523611690011,16.834000015258788,16.660999870300294,-0.0028935846309209,-0.0121596129386778,1,4.0,0.9300003051757812,0.2790799194089992,0.4043884500567084,1.5077927018837631e-06,16.821507505375457,17.21017860437814,-0.388671099002682,-0.5580968399840943,3.983101144040857,22.520000457763672,16.299999237060547,-23.490234493772576,5.705523611690012,4,,,,,0.0,0.4684154908600629
12833,2023-09-15,69.33999633789062,69.88999938964844,68.5999984741211,68.63999938964844,18380200,0.0,0.0,NEE,2.7083607795932663,68.3220001220703,67.34500045776367,-0.009237866641529,-0.0121596129386778,1,5.0,1.80999755859375,1.4556701581872593,0.7085681508976881,3.734453345972755e-06,67.74231517420279,68.00843615724611,-0.2661209830433222,-0.7059408161210217,2.7544854099257554,75.3777847290039,65.69000244140625,-8.938688452544692,4.490785261994025,4,,,,,0.0,0.4652019320350664
13019,2023-09-15,27.670000076293945,27.89999961853028,27.6299991607666,27.670000076293945,5585500,0.0,0.0,NI,2.5954793502454443,27.405999755859376,26.986999702453613,-0.0025234208868704,-0.0121596129386778,1,4.0,0.7000007629394567,0.263945147201919,0.3015461818573401,4.953898500813525e-06,27.09823181762178,26.936213027570165,0.162018790051615,0.0051845153322297,3.400597308029729,28.17597961425781,26.09000015258789,-1.7957833051093786,6.055959810139491,4,,,,,0.0,0.47599324998591513
13205,2023-09-15,432.4599914550781,435.739990234375,431.4700012207031,433.489990234375,1033200,0.0,0.0,NOC,2.5477831620389413,428.2399963378906,428.5249969482422,0.002706289069057,-0.0121596129386778,1,4.0,10.769989013671877,0.3454876937101185,4.351352616407461,0.0004195605790112,429.35015771952976,431.3560883614922,-2.0059306419624363,-2.782389515893178,0.0923581472365153,458.7563781738281,421.3390197753906,-5.507582922341277,2.883893940196156,4,,,,,0.0,0.46878006245799736
13391,2023-09-15,39.18000030517578,39.36000061035156,38.97999954223633,39.09999847412109,3518400,0.0,0.0,NRG,-1.03771162953622,38.90799865722656,38.68399925231933,-0.0010219958137743,-0.0121596129386778,1,4.0,-0.4099998474121165,-0.0696985721840296,0.2021635497855027,1.1113005478092625e-05,38.5234111104369,37.99014365009348,0.5332674603434242,0.4169666509158029,4.127827612658752,39.5099983215332,35.98563003540039,-1.0377116295362228,8.65447801152009,4,,,,,0.0,0.4777529251963705
13577,2023-09-15,85.87000274658203,85.87000274658203,84.86000061035156,85.22000122070312,3636900,0.0,0.0,PCAR,0.8401361572895727,84.96200103759766,84.03000106811524,-0.0075695994536901,-0.0121596129386778,1,4.0,0.7099990844726562,0.2032356249586449,0.98149006412155,2.3432044109187252e-05,84.36930545776258,84.25668443318665,0.1126210245759296,-0.0986559224887417,3.560578773335421,89.13619232177734,81.56031799316406,-4.393491576280215,4.487087982964702,4,,,,,0.0,0.468324319906899
13763,2023-09-15,181.41000366210932,181.82000732421875,179.61000061035156,179.83999633789062,11656000,0.0,0.0,PEP,2.025297542916915,179.58999633789062,177.48299865722657,-0.0076698086542921,-0.0121596129386778,1,5.0,3.5699920654296875,2.891819699499165,1.1111009433991217,1.5428963309702354e-05,178.52670508790516,179.11439773176457,-0.5876926438594126,-1.2980866699513685,1.0791356726084,190.2615203857422,174.16000366210938,-5.477473336028555,3.261364582192531,4,,,,,0.0,0.46325871671600466
13949,2023-09-15,154.02999877929688,155.32000732421875,153.22999572753906,153.47000122070312,10255600,0.0,0.0,PG,0.3531083311216321,153.62200012207032,153.37199859619142,-0.0083995801245133,-0.0121596129386778,1,4.0,0.540008544921875,2.02998788666647,1.165214274472968,1.4964507315096447e-05,153.51739744878964,153.47153337050733,0.0458640782823067,0.0544744347602652,-0.5636874030260142,157.08999633789062,147.15283203125,-2.304408429293689,4.292930759301719,4,,,,,0.0,0.46558492811162927
14135,2023-09-15,134.6999969482422,139.72000122070312,134.33999633789062,138.74000549316406,4506800,0.0,0.0,PGR,2.195058269671679,138.6779998779297,137.03999938964844,-0.0059468495199445,-0.0121596129386778,1,4.0,2.980010986328125,1.7830060516240582,0.8736572363283979,3.078459339069053e-05,136.6901962631992,134.0947862777602,2.595409985439005,2.224754233343025,3.948456000795697,139.57000732421875,114.77999877929688,-0.5946849519944549,20.874722920966704,4,,,,,0.0,0.47155649040977404
14321,2023-09-15,150.50999450683594,151.66000366210938,149.25999450683594,149.75,1048800,0.0,0.0,PKG,2.176584671496684,148.25599975585936,147.24499969482423,-0.0066334991708125,-0.0121596129386778,1,4.0,3.19000244140625,1.793075898801598,1.910505687302961,0.0001427822273073,147.85107953163023,147.25267850241346,0.5984010292167738,0.4660346209059304,0.435944916080766,155.22000122070312,130.02999877929688,-3.5240311671725078,15.165732066316764,4,,,,,0.0,0.48554274355551946
14507,2023-09-15,95.6500015258789,96.30999755859376,95.25,95.79000091552734,6920800,0.0,0.0,PM,2.263267628935295,95.26599884033205,94.70199966430664,-0.0053991969291667,-0.0121596129386778,1,5.0,2.120002746582017,0.6753734053111913,0.8019231009209496,1.3840885579055506e-05,95.08893249426056,95.31174052178446,-0.2228080275238966,-0.428778142299476,-0.2810708410665219,100.48999786376952,93.27999877929688,-4.677079359294824,2.690825652956112,4,,,,,0.0,0.4628107343370565
14693,2023-09-15,126.0199966430664,127.44000244140624,125.69000244140624,126.3499984741211,3618200,0.0,0.0,PNC,8.056100354365903,123.95999908447266,121.35699920654297,-0.0048830648233539,-0.0121596129386778,1,4.0,9.419998168945312,0.7249237223493517,3.569679144966901,3.492067836883564e-05,122.40294160328494,122.87650855171992,-0.4735669484349643,-1.642579701030222,4.655011149608113,136.88999938964844,115.7699966430664,-7.69961353095336,9.138811555531245,4,,,,,0.0,0.47312645851672547
14879,2023-09-15,79.18000030517578,79.30999755859375,78.37999725341797,78.62000274658203,1739600,0.0,0.0,PNW,2.610284427442444,77.54799957275391,76.58300094604492,-0.0010164447873202,-0.0121596129386778,1,4.0,2.0,2.3923556942277693,1.0828295177057,4.519429911852267e-05,77.36805621683222,77.7987202687905,-0.4306640519582885,-0.7495059154660393,1.7471284614540838,84.53827667236328,74.08000183105469,-7.000703301201804,6.128510803605507,4,,,,,0.0,0.4775461784036947
15065,2023-09-15,355.8599853515625,355.8599853515625,347.75,350.1000061035156,426900,0.0,0.0,POOL,1.6963911497784867,349.8100036621093,351.88600158691406,-0.0102899989578437,-0.0121596129386778,1,5.0,5.839996337890625,0.9117778772951186,2.326922221054487,0.0008200983979937,352.9259358542908,357.574282483237,-4.6483466289462285,-4.315353478821989,-4.239606056136481,387.2640075683594,344.260009765625,-9.596554479254984,1.6963911497784891,4,,,,,0.0,0.47851690380345707
15251,2023-09-15,25.600000381469727,25.790000915527344,25.56999969482422,25.65999984741211,7311400,0.0,0.0,PPL,3.676767060250952,25.362000274658204,24.880754280090333,-0.0007788340158095,-0.0121596129386778,1,5.0,0.9099998474121094,0.3861262251881623,0.31043511353743,3.509587746178859e-06,25.11652221535281,25.22974736813673,-0.1132251527839223,-0.2949328390541297,3.992379536554269,27.783998489379883,24.051082611083984,-7.644683117801233,6.689583426846044,4,,,,,0.0,0.47101133477344304
15437,2023-09-15,275.2900085449219,277.6099853515625,273.5299987792969,274.1099853515625,1190100,0.0,0.0,PSA,1.2627694072668172,273.65399169921875,271.6011566162109,-0.0071716143742669,-0.0121596129386778,1,4.0,3.418212890625,0.2577679137603044,1.60233770644926,0.0002303251704491,272.92603551466374,274.3758708793457,-1.4498353646819735,-2.2340592346642967,0.2661809733683906,298.3683166503906,265.8152770996094,-8.130330851198428,3.120478379745208,4,,,,,0.0,0.481630952748579
15623,2023-09-15,64.66000366210938,65.7300033569336,63.90999984741211,64.20999908447266,21818700,0.0,0.0,PYPL,5.296817918142405,63.24600067138672,62.89700050354004,-0.0035692636284849,-0.0121596129386778,1,4.0,3.229999542236328,0.4198042609680232,1.0537696547101214,2.942888397772216e-06,62.91182862697974,63.26000253768107,-0.3481739107013268,-0.8501760127482918,2.719566163152254,75.81999969482422,58.59999847412109,-15.312583298709916,9.573380130426209,4,,,,,0.0,0.46714267777244145
15809,2023-09-15,113.97000122070312,115.19000244140624,112.45999908447266,113.13999938964844,12242700,0.0,0.0,QCOM,6.595063162100123,112.26600036621092,112.0490005493164,-0.0078919810474709,-0.0121596129386778,1,5.0,7.0,0.2467996700375789,1.5056825377476832,9.241425452690046e-06,112.06466664417547,112.9700975279555,-0.9054308837800278,-1.4098853680852597,-1.2136552907217046,131.24070739746094,106.13999938964844,-13.7919921088163,6.595063162100123,4,,,,,0.0,0.4769474345106872
15995,2023-09-15,74.80000305175781,75.51000213623047,74.51000213623047,75.0999984741211,1626400,0.0,0.0,RHI,2.595630608048172,73.41399841308593,73.44299926757813,0.006028090275205,-0.0121596129386778,1,4.0,1.9000015258789065,1.4310911808669655,1.3481963920977753,4.617560161960224e-05,73.80764739853974,74.21416329946058,-0.4065159009208372,-0.5269268438569049,1.5413729093565864,84.020751953125,72.26000213623047,-10.617321639754874,3.93024668410116,4,,,,,0.0,0.4755793866569779
16181,2023-09-15,37.08000183105469,37.33000183105469,36.900001525878906,37.02999877929688,6595500,0.0,0.0,ROL,2.547765586804185,36.57999954223633,37.015000152587895,-0.0010790643608481,-0.0121596129386778,1,4.0,0.9199981689453196,0.0425854792051976,0.4903063178675267,5.6144338987638364e-06,37.40658794802411,38.579009049489535,-1.1724211014654244,-1.0923944878744791,-6.419006659379811,44.6859245300293,35.720001220703125,-17.13274555970655,3.6674062537111274,4,,,,,0.0,0.4628389661374366
16367,2023-09-15,150.39999389648438,151.75,149.83999633789062,150.13999938964844,1494100,0.0,0.0,RSG,2.680890532225133,149.5000030517578,147.46000061035156,-0.001994170745076,-0.0121596129386778,1,4.0,3.919998168945313,0.8292115572967678,1.5147107997107296,0.0001004885880393,148.0138580194888,147.5880391110978,0.425818908390994,-0.30796193294225,4.169842713682326,154.9499969482422,144.1300048828125,-3.104225655583865,4.169842713682326,4,,,,,0.0,0.4811122900438125
16553,2023-09-15,112.26000213623048,116.58000183105467,112.23999786376952,113.44000244140624,1099400,0.0,0.0,RVTY,6.187401008197013,110.98600006103516,111.35999984741213,0.0064768287007657,-0.0121596129386778,1,4.0,6.6100006103515625,0.0623248623055368,2.450924109486968,0.0001031835568868,112.4427364671279,114.61456035997372,-2.171823892845808,-2.268858443366856,-3.0675864097554184,130.8699951171875,106.83000183105467,-13.318555303813971,6.187401008197011,4,,,,,0.0,0.477044932572589
16739,2023-09-15,35.459999084472656,35.650001525878906,34.88999938964844,35.11000061035156,3079000,0.0,0.0,SEE,3.386341451359809,34.49800033569336,34.84454002380371,-0.0084721614897852,-0.0121596129386778,1,4.0,1.1500015258789062,0.9384286074036768,0.7444930245386019,1.1403053137496448e-05,35.01217497863878,36.20453443842919,-1.1923594597904028,-1.4224013156668611,-4.724522420576305,46.46651077270508,33.61000061035156,-24.440204296605916,4.4629573720924425,4,,,,,0.0,0.4762894426672797
16925,2023-09-15,70.51000213623047,71.43000030517578,70.51000213623047,71.08999633789062,7353100,0.0,0.0,SO,4.6518416289099696,69.64399871826171,68.3029998779297,0.0026797575165407,-0.0121596129386778,1,4.0,3.159996032714844,0.666576006890143,1.3295981295944317,9.6680306724906e-06,68.86625427279682,68.57621441346642,0.2900398593304061,-0.1953670130515681,4.960863449614861,72.3403549194336,66.25,-1.7284385498737318,7.305654849646226,4,,,,,0.0,0.4675895346927923
17111,2023-09-15,73.2699966430664,73.86000061035156,73.05000305175781,73.0999984741211,4170300,0.0,0.0,SRE,2.5964890864857537,72.2,71.15799942016602,-0.0058479574638161,-0.0121596129386778,1,4.0,1.8499984741210935,0.7473079984916411,1.0685253563098325,1.752871459466252e-05,71.64423035648088,71.55295442805557,0.0912759284253041,-0.2934112745476557,4.101391631091067,75.9749984741211,69.19999694824219,-3.7841395955793193,5.635840603859989,4,,,,,0.0,0.47227087194308154
17297,2023-09-15,71.58999633789062,72.01000213623047,71.18000030517578,71.8499984741211,6767500,0.0,0.0,STT,2.4087724113452724,71.6739990234375,70.78300018310547,-0.0074596065766034,-0.0121596129386778,1,4.0,1.6899948120117188,3.109235533426437,0.4576897753052105,1.0616918873161595e-05,70.69863599714613,70.32776148136149,0.3708745157846351,-0.0899890686343017,4.524295471342654,77.45999908447266,65.8499984741211,-7.242448588507823,9.111617523207668,4,,,,,0.0,0.4745438549167384
17483,2023-09-15,32.06999969482422,32.79999923706055,31.9950008392334,32.52000045776367,7089300,0.0,0.0,SYF,3.964193554661777,32.11800003051758,31.897999954223632,0.0071229339026042,-0.0121596129386778,1,4.0,1.239999771118164,1.6225584492453389,0.3511695227686278,4.587194851080314e-06,32.09826829501319,32.48011332530381,-0.38184503029062,-0.498204475912256,0.7434996516193282,35.90963363647461,30.920000076293945,-9.439342135944194,5.174645464171364,4,,,,,0.0,0.4614113746462034
17669,2023-09-15,15.0,15.300000190734863,14.960000038146973,15.229999542236328,79705300,0.0,0.0,T,5.763888511760729,14.77800006866455,14.663999843597413,0.0112881220373801,-0.0121596129386778,1,5.0,0.8299999237060565,1.8183039676393944,0.3451375082998527,1.910788811062292e-07,14.687873189830068,14.56907908324376,0.1187941065863089,0.0361022502156173,2.97498026719516,15.788496017456056,13.449999809265137,-3.537363372687583,13.234198945824703,4,,,,,0.0,0.46187951840194824
17855,2023-09-15,73.87999725341797,76.55000305175781,72.97000122070312,73.6500015258789,1312900,0.0,0.0,TECH,2.548039318895423,72.75599975585938,74.1110008239746,-0.0052674147059154,-0.0121596129386778,1,4.0,1.8300018310546875,0.2098230740877258,1.04932484033168,5.6097190590204055e-05,74.73059974590431,77.05848029291965,-2.32788054701534,-2.0290511213217566,-6.058673351469368,89.3329086303711,71.62999725341797,-17.555576489043553,2.820053538902724,4,,,,,0.0,0.4808651547075042
18041,2023-09-15,143.97000122070312,144.92999267578125,141.4499969482422,141.92999267578125,19544200,0.0,0.0,TMUS,3.124309845538442,141.38399658203124,139.01799926757812,-0.0083147182923802,-0.0121596129386778,1,5.0,4.29998779296875,3.5737754791603287,1.246164700427733,7.262000628103542e-06,139.36298041957457,138.2095796687794,1.1534007507951571,0.3738549202858566,4.168801963876145,143.1199951171875,133.32000732421875,-0.8314718292380243,6.458134472363189,4,,,,,0.0,0.48352796451035945
18227,2023-09-15,109.69000244140624,110.23999786376952,109.16000366210938,109.62999725341795,2388500,0.0,0.0,TROW,1.4923506162605849,109.08694458007812,109.47008514404295,-0.0038164996519109,-0.0121596129386778,1,4.0,1.6120071411132812,0.8914317389927147,0.8406381480265672,4.5899098703545305e-05,109.37735315687426,110.08081311180057,-0.7034599549262879,-0.8866476064929718,-1.2115850945464637,125.37166595458984,106.20846557617188,-12.556001853619453,3.2215244412811748,4,,,,,0.0,0.47854802218336284
18413,2023-09-15,165.7100067138672,166.0,164.1999969482422,164.8000030517578,2273700,0.0,0.0,TRV,3.070863519202227,163.5580047607422,161.8640884399414,-0.0069896578403334,-0.0121596129386778,1,5.0,4.910003662109375,1.5799387268807443,1.8715959239390103,7.248097948355448e-05,162.48682815596402,162.9949695342385,-0.5081413782744733,-1.436267911038326,2.8546327917124525,173.78121948242188,158.94418334960938,-5.168116818038857,3.6841988040972415,4,,,,,0.0,0.4794590771184582
18599,2023-09-15,277.54998779296875,278.9800109863281,271.0,274.3900146484375,133422800,0.0,0.0,TSLA,10.418516961141844,272.5580017089844,261.61999969482423,-0.0059773722844812,-0.0121596129386778,1,4.0,25.8900146484375,0.1271892585561771,3.3126154647387174,2.056545168055516e-06,262.0981342781087,255.38075367167875,6.71738060642997,3.075254072299757,6.319757022927797,293.3399963378906,215.4900054931641,-6.460074291275691,27.333058449962248,4,,,,,0.0,0.4534796408894908
18785,2023-09-15,53.86000061035156,55.310001373291016,53.75,54.540000915527344,3966700,0.0,0.0,TSN,4.783864966310847,53.35800018310547,52.6430004119873,0.0107487368587,-0.0121596129386778,1,4.0,2.490001678466797,0.9240880869227784,0.8490699740675319,1.374946452101932e-05,53.15921145375252,53.18122875076906,-0.0220172970165393,-0.161037753886591,2.384081935142124,55.9615478515625,50.45063400268555,-2.540220902763084,8.105679925893726,4,,,,,0.0,0.47253646859267556
18971,2023-09-15,247.5200042724609,247.8000030517578,244.509994506836,245.6499938964844,1380000,0.0,0.0,VRSK,0.6590547466998053,245.6424346923828,244.2987854003906,-0.0114290777652938,-0.0121596129386778,1,4.0,1.6083679199219034,1.5090909090909093,1.685664381595012,0.0001780072419539,243.49990239808935,239.8302886728412,3.669613725248212,3.319520789242909,1.5566847399248962,248.4900054931641,224.65850830078125,-1.142907776529393,9.343730515471492,4,,,,,0.0,0.5010535239970154
19157,2023-09-15,44.040000915527344,44.650001525878906,43.869998931884766,44.619998931884766,4038100,0.0,0.0,VTR,5.285506860109068,43.62600021362304,43.10700035095215,0.0056344378187564,-0.0121596129386778,1,4.0,2.2399978637695312,0.8530194566813509,0.8147564363284971,1.1049750856067152e-05,43.40383459968407,43.68219451957021,-0.2783599198861424,-0.5996536929901355,2.152011492998085,49.68999862670898,41.59999847412109,-10.203259881152473,7.25961675129,4,,,,,0.0,0.4730479078824188
19343,2023-09-15,107.73999786376952,108.0,107.0500030517578,107.69000244140624,2060300,0.0,0.0,WAB,1.0509550059015549,107.35399932861328,108.39899978637696,-0.0027779926687444,-0.0121596129386778,1,4.0,1.120002746582017,1.3790993071593531,0.6431400684497489,5.2269088211137326e-05,108.72854696036774,110.13229160189024,-1.4037446415225077,-1.0123024139689063,-4.292565184641606,119.0120620727539,106.29000091552734,-9.513371530716206,1.317152614375764,4,,,,,0.0,0.47300334234071933
19529,2023-09-15,22.479999542236328,22.63999938964844,22.13999938964844,22.420000076293945,21725700,0.0,0.0,WBA,1.955435696459373,21.989999771118164,22.277999877929688,-0.0026690154432456,-0.0121596129386778,1,4.0,0.4300003051757812,0.5017211347047112,0.4526587331131746,1.031957546881985e-06,22.938441729946447,24.5435109696874,-1.6050692397409492,-1.5710378115584498,-11.418409524414551,30.304786682128903,21.43000030517578,-26.01828776602051,4.619690886700822,4,,,,,0.0,0.4694260011238451
19715,2023-09-15,11.75,12.18000030517578,11.6899995803833,11.84000015258789,30315800,0.0,0.0,WBD,4.593643743660403,11.577999877929688,11.492999935150149,0.0093777165084689,-0.0121596129386778,1,4.0,0.5200004577636701,0.0721730427124927,0.2130023647827973,3.9055542497931413e-07,11.803655572871635,12.201616427682026,-0.397960854810389,-0.36890181003023,-9.893456291996785,14.470000267028809,11.029999732971191,-18.17553604635108,7.343612322994194,4,,,,,0.0,0.4694235384330929
19901,2023-09-15,86.52999877929688,87.52999877929688,86.19000244140625,86.26000213623047,2351700,0.0,0.0,WEC,1.8778835498644453,85.55199890136718,84.32599868774415,-0.0063356230599137,-0.0121596129386778,1,4.0,1.5900039672851562,0.5625913621262459,1.0449504550734414,3.667984952852425e-05,85.03686003275638,85.33810524325851,-0.301245210502131,-0.7465391685979588,2.543983975006925,91.71109771728516,82.0199966430664,-5.943768765977051,5.169477769690317,4,,,,,0.0,0.48023138800605464
20087,2023-09-15,84.12000274658203,85.16000366210938,83.81999969482422,84.37000274658203,7622100,0.0,0.0,WELL,2.142862354913344,83.75800018310547,82.94200057983399,-0.0016566014212466,-0.0121596129386778,1,4.0,1.7700042724609375,5.622154648132059,0.7675095387275027,1.1069128290967322e-05,83.10045121205684,82.56355546641663,0.5368957456402086,0.3234025098944167,1.7977866102096396,84.85124206542969,78.03097534179688,-0.5671564813118086,8.123732116660715,4,,,,,0.0,0.4751376321980469
20273,2023-09-15,42.66999816894531,43.310001373291016,42.61000061035156,42.95000076293945,47268300,0.0,0.0,WFC,4.75609942180355,42.4240005493164,41.776000595092775,-0.0023228449684851,-0.0121596129386778,1,4.0,1.950000762939453,2.3954184984053097,0.6908538292348663,9.0864280634039e-07,42.07827845683265,42.27529030108328,-0.1970118442506319,-0.460410893621745,4.020343450241626,46.76424789428711,40.43000030517578,-8.156331606080675,6.232996385708821,4,,,,,0.0,0.4442865750544979
20459,2023-09-15,34.36000061035156,34.83000183105469,34.290000915527344,34.34000015258789,10846500,0.0,0.0,WMB,1.5375531119335095,34.23399963378906,34.035275268554685,-0.0109447308397168,-0.0121596129386778,1,4.0,0.5200004577636719,0.77389811104751,0.3706489742052457,3.165998262350794e-06,34.168588476236465,34.042096395872726,0.1264920803637395,0.1305199044027496,0.7701698737208496,34.91640853881836,31.945846557617188,-1.6508238113597682,7.494412742052815,4,,,,,0.0,0.4713168830294065
20645,2023-09-15,36.86000061035156,37.38999938964844,36.52999877929688,36.52999877929688,5719800,0.0,0.0,WRK,5.669653172620981,35.636000061035155,34.27599964141846,-0.0078761791942139,-0.0121596129386778,1,4.0,1.9599990844726636,-0.0352353804375327,1.1299682394648138,6.386586730182329e-06,34.52445092608512,33.49748501124233,1.0269659148427834,0.6177010447903825,11.678385208630491,36.81999969482422,28.175508499145508,-0.7876179194213899,29.651604266182968,4,,,,,0.0,0.45992635022488876
20831,2023-09-15,58.58000183105469,58.9900016784668,57.90999984741211,57.970001220703125,9226000,0.0,0.0,XEL,2.4938676629214784,57.57489929199219,56.74608879089355,-0.0120995071707596,-0.0121596129386778,1,4.0,1.4105186462402344,1.5431390925629858,0.8032643759562792,6.2833298526667165e-06,57.245079662913454,57.77084454545092,-0.5257648825374659,-0.9252435253463628,2.386224468861564,64.62666320800781,55.09272003173828,-10.300178992499598,5.222615959617306,4,,,,,0.0,0.46884995503543037
21017,2023-09-15,95.8499984741211,96.22000122070312,95.05999755859376,95.5500030517578,3606900,0.0,0.0,XYL,0.3465677660408728,96.0260009765625,96.91800003051758,-0.0079941512199547,-0.0121596129386778,1,4.0,0.3300018310546733,1.133250532292406,0.7185598595807127,2.6490893302214588e-05,97.39924665454772,99.82037841029138,-2.4211317557436587,-2.2977815956711583,-7.716822284257219,113.98109436035156,95.01000213623048,-16.17030562131981,0.5683621759665186,4,,,,,0.0,0.4710343624617932
